corrida,atributo,exactitud,lo,hi,cobertura,condicional
Qwen3.5 Instruct · p3,shape,0.4351,0.4254098399828772,0.44484000300563653,0.9992,0.43544835868694953
Qwen3.5 Instruct · p3,x,0.6214,0.6118485199883645,0.6308582452072351,0.9999,0.6214621462146215
Qwen3.5 Instruct · p3,y,0.623,0.6134558048877433,0.6324497315130703,1.0,0.623
Qwen3.5 Instruct · p3,pos,0.3833,0.3738173801504422,0.39287224506927354,0.9999,0.38333833383338334
Qwen3.5 Instruct · p3,color,0.6947,0.6856003511633125,0.7036501198711459,0.9997,0.6949084725417626
Qwen3.5 Instruct · p3,color_adj,0.99,0.9878530177448853,0.9917706638518516,0.9997,0.990297089126738
Qwen3.5 Instruct · p3,name,0.0547,0.05041173530937794,0.05933025363954662,0.9997,0.05471641492447734
Qwen3.5 Instruct · p3,macro,0.6028,0.5981907765251211,0.6074092234748789,,
Qwen3.5 Base · p1,shape,0.1729,0.16561414916870065,0.18043706256539593,0.6175,0.28
Qwen3.5 Base · p1,x,0.6491,0.6396904051792891,0.6583950865065751,0.9524,0.6815413691726165
Qwen3.5 Base · p1,y,0.5762,0.5664872076669094,0.5858542709813996,0.9732,0.5920674064940403
Qwen3.5 Base · p1,pos,0.4303,0.4206244551483422,0.44002907422453,0.9423,0.45664862570306697
Qwen3.5 Base · p1,color,0.6876,0.6784455373583167,0.6966103864530053,0.9964,0.6900843034925732
Qwen3.5 Base · p1,color_adj,0.9777,0.9746172789129399,0.9804158490437156,0.9964,0.9812324367723806
Qwen3.5 Base · p1,name,0.0566,0.05223891451718412,0.061301615237931865,0.9964,0.05680449618627057
Qwen3.5 Base · p1,macro,0.5269666666666666,0.5227615066036749,0.5311718267296582,,
LLaVA-OV 0.5B · p3,shape,0.3767,0.3672518770571848,0.38624281694102386,0.9816,0.38376120619396903
LLaVA-OV 0.5B · p3,x,0.3323,0.3231337713017984,0.34159502175172646,1.0,0.3323
LLaVA-OV 0.5B · p3,y,0.3331,0.32392790011081196,0.34240027854531985,1.0,0.3331
LLaVA-OV 0.5B · p3,pos,0.114,0.1079186694866081,0.12037777725555425,1.0,0.114
LLaVA-OV 0.5B · p3,color,0.5547,0.5449398435713352,0.5644181470069128,0.9681,0.572977998140688
LLaVA-OV 0.5B · p3,color_adj,0.9147,0.9090647707583752,0.9200167409929856,0.9681,0.944840409048652
LLaVA-OV 0.5B · p3,name,0.0463,0.04235277568717738,0.05059566443437455,0.9681,0.04782563784732982
LLaVA-OV 0.5B · p3,macro,0.4684666666666666,0.46413551191213515,0.47279782142119803,,
VL-JEPA · p4m,shape,0.2668,0.2582220851213056,0.2755570117187778,1.0,0.2668
VL-JEPA · p4m,x,0.4249,0.4152420085761923,0.43461566797908324,1.0,0.4249
VL-JEPA · p4m,y,0.3572,0.34786483144189695,0.3666448384927682,1.0,0.3572
VL-JEPA · p4m,pos,0.1607,0.15363244709948806,0.1680281341948531,1.0,0.1607
VL-JEPA · p4m,color,0.2044,0.19661041272170574,0.21241660711503826,1.0,0.2044
VL-JEPA · p4m,color_adj,0.4455,0.4357813458110235,0.4552605100113802,1.0,0.4455
VL-JEPA · p4m,name,0.0194,0.016875471300350647,0.022293627933543694,1.0,0.0194
VL-JEPA · p4m,macro,0.291,0.28557019588024407,0.2964298041197559,,
