run,n,BLEU-4,ROUGE-L,CIDEr-D,Forma,"Posición (x,y)",Color ±1,Nombre,Índice macro,Copia
VL-JEPA · p0,10000,23.854555923612015,46.778706152492596,0.5604867219329225,25.0,16.33,44.31,1.6,28.546666666666663,
VL-JEPA · p1,10000,23.792660365882533,46.56383970513255,0.5769473896186726,26.06,15.840000000000002,44.2,1.71,28.7,
VL-JEPA · p2,10000,23.828472181232407,46.40855474176242,0.5884356951810381,26.490000000000002,16.02,44.09,1.8800000000000001,28.866666666666664,
VL-JEPA · p3,10000,23.75666371600844,46.37552211797087,0.5864567516293875,26.619999999999997,16.25,44.379999999999995,1.9300000000000002,29.08333333333333,
VL-JEPA · p4,10000,23.888150729761566,46.523172561854864,0.588566870185469,26.52,16.12,44.35,1.8499999999999999,28.996666666666666,0.04
VL-JEPA · p4m,10000,23.805704872804913,46.36582202103175,0.5885329361121334,26.68,16.07,44.55,1.94,29.099999999999998,38.1
LLaVA-OV 0.5B · p0,10000,1.9162733954567686,15.522381540320321,6.3544306284537405e-06,27.61,8.82,94.1,4.37,43.51,
LLaVA-OV 0.5B · p1,10000,6.078736201634092,32.98257998778807,0.034272502642066945,28.98,12.35,96.89999999999999,4.72,46.07666666666666,
LLaVA-OV 0.5B · p2,10000,0.007759394091091483,6.0880247909540275,0.07862076795585547,25.36,0.01,0.0,0.0,8.456666666666667,
LLaVA-OV 0.5B · p3,10000,0.0,11.412980557980628,0.08200226233463352,37.669999999999995,11.4,91.47,4.63,46.84666666666666,
LLaVA-OV 0.5B · p4,10000,7.995144099627856,29.54201152633264,0.1949124865785214,17.330000000000002,5.01,55.120000000000005,3.4799999999999995,25.82,77.71000000000001
LLaVA-OV 0.5B · p4m,10000,3.1941368521606317,24.64229408671434,0.1890027337692758,23.45,0.9900000000000001,88.06,4.279999999999999,37.5,59.14
Qwen3.5 Base · p0,10000,0.3817825081955951,13.559887511657658,8.059332125933483e-08,15.440000000000001,19.42,97.61999999999999,5.13,44.16,
Qwen3.5 Base · p1,10000,2.0694149769074848,18.35230402047088,7.399066336240728e-05,17.29,43.03,97.77,5.66,52.69666666666666,
Qwen3.5 Base · p2,10000,11.530981450579752,48.818006609511464,0.40723883946925454,37.35,0.5700000000000001,5.609999999999999,0.6799999999999999,14.510000000000002,
Qwen3.5 Base · p3,10000,0.0,11.642727888420456,0.06281208411544308,33.82,22.55,35.49,2.11,30.620000000000005,
Qwen3.5 Base · p4,10000,18.927392784720737,47.03569385142999,0.5325558661042276,14.21,10.68,33.97,4.22,19.62,100.0
Qwen3.5 Base · p4m,10000,26.750596952992865,50.40477541636969,0.44555618497052973,15.879999999999999,33.800000000000004,96.89,5.06,48.85666666666666,3.17
Qwen3.5 Instruct · p0,10000,0.6012130151005353,13.301231024567661,1.0290262066242204e-11,13.55,26.72,97.22,4.49,45.83,
Qwen3.5 Instruct · p1,10000,1.8421160510814696,16.38408491184129,8.238546154592758e-09,15.03,30.830000000000002,98.09,4.54,47.98333333333333,
Qwen3.5 Instruct · p2,10000,13.34156675486908,46.64515262942422,0.4411244318775152,40.37,16.18,0.32,0.03,18.956666666666667,
Qwen3.5 Instruct · p3,10000,0.0,14.534028963476228,0.08718982936154858,43.51,38.33,99.0,5.47,60.28,
Qwen3.5 Instruct · p4,10000,11.3058801983424,36.43117574334809,0.04647662838989184,14.21,10.68,33.97,4.22,19.62,100.0
Qwen3.5 Instruct · p4m,10000,26.460985404577915,52.24275334869935,0.5602728839051374,20.4,36.39,91.18,4.89,49.32333333333333,9.58
InternVL3 1B · p0,10000,2.3149106527088894,19.571107843821306,0.00030513427002337246,16.05,6.279999999999999,97.67,4.97,40.0,
InternVL3 1B · p1,10000,2.7051007693264153,23.25737378282879,0.0001162682711629198,20.84,13.370000000000001,95.83,4.88,43.346666666666664,
InternVL3 1B · p2,10000,11.25030415737006,47.357485125972644,0.41927205747277446,25.35,0.54,96.59,5.18,40.82666666666667,
InternVL3 1B · p3,10000,0.0,9.478268093307921,0.06118527263728072,31.39,1.8800000000000001,94.13,5.01,42.46666666666666,
InternVL3 1B · p4,10000,16.902066828267582,43.71745957579609,0.46796379006411637,14.32,10.4,34.1,4.26,19.606666666666666,98.89
InternVL3 1B · p4m,10000,0.20392277630783381,5.930087774610074,0.07928708720417067,14.11,1.69,56.52,3.85,24.106666666666666,74.63
