A,B,atributo,exactitud A,exactitud B,Δ (B−A),b,c,p,p_holm,sig.
Qwen3.5 Instruct · p3,Qwen3.5 Base · p1,Forma,0.4351,0.1729,-0.2622,149.0,2771.0,0.0,0.0,✓
Qwen3.5 Instruct · p3,Qwen3.5 Base · p1,"Posición (x,y)",0.3833,0.4303,0.04700000000000004,1638.0,1168.0,7.034794415184955e-19,4.2208766491109724e-18,✓
Qwen3.5 Instruct · p3,Qwen3.5 Base · p1,Color ±1,0.99,0.9777,-0.012299999999999978,56.0,179.0,3.513962733558142e-16,1.7569813667790712e-15,✓
Qwen3.5 Instruct · p3,Qwen3.5 Base · p1,Nombre exacto,0.0547,0.0566,0.001899999999999999,125.0,106.0,0.23622187836319394,0.23622187836319394,
Qwen3.5 Instruct · p3,Qwen3.5 Base · p1,Índice macro,0.6028,0.5269666666666666,-0.07583333333333334,,,0.0,0.0,✓
Qwen3.5 Instruct · p3,LLaVA-OV 0.5B · p3,Forma,0.4351,0.3767,-0.05840000000000001,2743.0,3327.0,6.95898117046634e-14,2.783592468186536e-13,✓
Qwen3.5 Instruct · p3,LLaVA-OV 0.5B · p3,"Posición (x,y)",0.3833,0.114,-0.2693,472.0,3165.0,0.0,0.0,✓
Qwen3.5 Instruct · p3,LLaVA-OV 0.5B · p3,Color ±1,0.99,0.9147,-0.07530000000000003,32.0,785.0,7.609712944921839e-189,1.1414569417382758e-187,✓
Qwen3.5 Instruct · p3,LLaVA-OV 0.5B · p3,Nombre exacto,0.0547,0.0463,-0.008399999999999998,40.0,124.0,3.341427047560611e-11,6.682854095121222e-11,✓
Qwen3.5 Instruct · p3,LLaVA-OV 0.5B · p3,Índice macro,0.6028,0.4684666666666666,-0.13433333333333336,,,0.0,0.0,✓
Qwen3.5 Instruct · p3,VL-JEPA · p4m,Forma,0.4351,0.2668,-0.1683,1143.0,2826.0,4.889283574463582e-162,6.844997004249015e-161,✓
Qwen3.5 Instruct · p3,VL-JEPA · p4m,"Posición (x,y)",0.3833,0.1607,-0.22259999999999996,755.0,2981.0,3.79872411490336e-310,6.45783099533572e-309,✓
Qwen3.5 Instruct · p3,VL-JEPA · p4m,Color ±1,0.99,0.4455,-0.5445,46.0,5491.0,0.0,0.0,✓
Qwen3.5 Instruct · p3,VL-JEPA · p4m,Nombre exacto,0.0547,0.0194,-0.0353,193.0,546.0,7.246127683202566e-40,6.52151491488231e-39,✓
Qwen3.5 Instruct · p3,VL-JEPA · p4m,Índice macro,0.6028,0.291,-0.3118,,,0.0,0.0,✓
Qwen3.5 Base · p1,LLaVA-OV 0.5B · p3,Forma,0.1729,0.3767,0.20379999999999998,3043.0,1005.0,2.051537583305338e-235,3.282460133288541e-234,✓
Qwen3.5 Base · p1,LLaVA-OV 0.5B · p3,"Posición (x,y)",0.4303,0.114,-0.3163,830.0,3993.0,0.0,0.0,✓
Qwen3.5 Base · p1,LLaVA-OV 0.5B · p3,Color ±1,0.9777,0.9147,-0.06300000000000006,134.0,764.0,9.088845457541165e-108,1.1815499094803515e-106,✓
Qwen3.5 Base · p1,LLaVA-OV 0.5B · p3,Nombre exacto,0.0566,0.0463,-0.010299999999999997,68.0,171.0,2.0449493617368673e-11,6.134848085210602e-11,✓
Qwen3.5 Base · p1,LLaVA-OV 0.5B · p3,Índice macro,0.5269666666666666,0.4684666666666666,-0.0585,,,0.0,0.0,✓
Qwen3.5 Base · p1,VL-JEPA · p4m,Forma,0.1729,0.2668,0.09389999999999998,1885.0,946.0,7.497558882148028e-71,8.997070658577632e-70,✓
Qwen3.5 Base · p1,VL-JEPA · p4m,"Posición (x,y)",0.4303,0.1607,-0.2696,702.0,3398.0,0.0,0.0,✓
Qwen3.5 Base · p1,VL-JEPA · p4m,Color ±1,0.9777,0.4455,-0.5322,106.0,5428.0,0.0,0.0,✓
Qwen3.5 Base · p1,VL-JEPA · p4m,Nombre exacto,0.0566,0.0194,-0.0372,177.0,549.0,3.820090621855745e-45,3.820090621855745e-44,✓
Qwen3.5 Base · p1,VL-JEPA · p4m,Índice macro,0.5269666666666666,0.291,-0.23596666666666666,,,0.0,0.0,✓
LLaVA-OV 0.5B · p3,VL-JEPA · p4m,Forma,0.3767,0.2668,-0.1099,1501.0,2600.0,1.1076238007686111e-66,1.2183861808454721e-65,✓
LLaVA-OV 0.5B · p3,VL-JEPA · p4m,"Posición (x,y)",0.114,0.1607,0.046700000000000005,1426.0,959.0,1.0435676132361117e-21,7.304973292652783e-21,✓
LLaVA-OV 0.5B · p3,VL-JEPA · p4m,Color ±1,0.9147,0.4455,-0.46919999999999995,415.0,5107.0,0.0,0.0,✓
LLaVA-OV 0.5B · p3,VL-JEPA · p4m,Nombre exacto,0.0463,0.0194,-0.0269,194.0,463.0,2.713831068012788e-26,2.1710648544102306e-25,✓
LLaVA-OV 0.5B · p3,VL-JEPA · p4m,Índice macro,0.4684666666666666,0.291,-0.17746666666666666,,,0.0,0.0,✓
