run,errores_color,igual_al_fondo,esperado_por_azar
VL-JEPA · p0,7889,0.10926606667511725,0.1543433777199009
VL-JEPA · p1,7926,0.11935402472874085,0.15401444881683457
VL-JEPA · p2,7979,0.11956385511968919,0.15157329348105011
VL-JEPA · p3,7949,0.12190212605359164,0.1516427193163943
VL-JEPA · p4,7930,0.12080706179066834,0.15300579312362744
VL-JEPA · p4m,7956,0.11953242835595777,0.15232525117406673
LLaVA-OV 0.5B · p0,3322,0.14268512944009631,0.131284023717968
LLaVA-OV 0.5B · p1,3134,0.15507338864071474,0.13304427346243458
LLaVA-OV 0.5B · p3,4134,0.13884857281083696,0.11489415186323476
LLaVA-OV 0.5B · p4,2791,0.16338230025080616,0.15536425689318986
LLaVA-OV 0.5B · p4m,3294,0.13327261687917424,0.11408536947271058
Qwen3.5 Base · p0,3133,0.12224704755825087,0.11071316542323213
Qwen3.5 Base · p1,3088,0.1207901554404145,0.10906060397594566
Qwen3.5 Base · p2,64,0.25,0.217529296875
Qwen3.5 Base · p3,829,0.12062726176115803,0.1089093927748781
Qwen3.5 Base · p4,8411,0.17203661871358936,0.17203661871358936
Qwen3.5 Base · p4m,3175,0.1300787401574803,0.11878400396800794
Qwen3.5 Instruct · p0,3238,0.12013588634959851,0.11043331561853698
Qwen3.5 Instruct · p1,3110,0.12347266881028938,0.11274873088574353
Qwen3.5 Instruct · p2,2,0.5,0.25
Qwen3.5 Instruct · p3,3050,0.11934426229508197,0.11234076861058855
Qwen3.5 Instruct · p4,8411,0.17203661871358936,0.17203661871358936
Qwen3.5 Instruct · p4m,3267,0.11447811447811448,0.1114225427607179
InternVL3 1B · p0,3257,0.12158428001228123,0.11304538657391194
InternVL3 1B · p1,3392,0.11556603773584906,0.11228547956901923
InternVL3 1B · p2,3641,0.12414171930788245,0.11113564344433657
InternVL3 1B · p3,4291,0.09182008855744582,0.10318193206084439
InternVL3 1B · p4,8398,0.17170754941652774,0.17170754941652774
InternVL3 1B · p4m,7365,0.08825526137135098,0.0953402936495756
