run,model,prompt,n,copia_literal,copia_objeto,copia_objeto_basal,copia,unicas,n_no_copiadas,shape_todas,shape_no_copiadas,pos_todas,pos_no_copiadas,color_adj_todas,color_adj_no_copiadas,name_todas,name_no_copiadas
InternVL3 1B · p4,internvl3_1b,p4_dataset_format,10000,0.9889,0.8482,0.04725,0.9889,0.002,111,0.1432,0.22522522522522523,0.104,0.018018018018018018,0.341,0.6126126126126126,0.0426,0.06306306306306306
InternVL3 1B · p4m,internvl3_1b,p4m_multiexample,10000,0.7217,0.6582,0.022475,0.7463,0.0254,2537,0.1411,0.2085139929050059,0.0169,0.015372487189594008,0.5652,0.86716594402838,0.0385,0.09617658651951123
LLaVA-OV 0.5B · p4,llava_ov_05b,p4_dataset_format,10000,0.0001,0.7771,0.0685,0.7771,0.0791,2229,0.1733,0.7734410049349484,0.0501,0.03589053387169134,0.5512,0.8425302826379543,0.0348,0.03633916554508748
LLaVA-OV 0.5B · p4m,llava_ov_05b,p4m_multiexample,10000,0.0906,0.5912,0.041525,0.5914,0.0603,4086,0.2345,0.5491923641703378,0.0099,0.003671071953010279,0.8806,0.8695545766030347,0.0428,0.052618697993147334
Qwen3.5 Base · p4,qwen35_08b_base,p4_dataset_format,10000,1.0,0.8579,0.03565,1.0,0.0002,0,0.1421,,0.1068,,0.3397,,0.0422,
Qwen3.5 Base · p4m,qwen35_08b_base,p4m_multiexample,10000,0.0174,0.0314,0.08605,0.0317,0.1961,9683,0.1588,0.15201900237529692,0.338,0.34359186202623154,0.9689,0.9829598265000516,0.0506,0.05112052049984509
Qwen3.5 Instruct · p4,qwen35_08b_instruct,p4_dataset_format,10000,1.0,0.8579,0.022325,1.0,0.0005,0,0.1421,,0.1068,,0.3397,,0.0422,
Qwen3.5 Instruct · p4m,qwen35_08b_instruct,p4m_multiexample,10000,0.0084,0.095,0.031275,0.0958,0.1411,9042,0.204,0.22130059721300596,0.3639,0.36894492368944926,0.9118,0.9132935191329352,0.0489,0.04888299048882991
VL-JEPA · p4,vljepa_open_msrvtt,p4_dataset_format,10000,0.0,0.0004,0.000325,0.0004,0.0517,9996,0.2652,0.2653061224489796,0.1612,0.16126450580232093,0.4435,0.44337735094037617,0.0185,0.018507402961184475
VL-JEPA · p4m,vljepa_open_msrvtt,p4m_multiexample,10000,0.0,0.381,0.392175,0.381,0.0515,6190,0.2668,0.43101777059773827,0.1607,0.16930533117932148,0.4455,0.4436187399030695,0.0194,0.026978998384491113
