run,Forma,Posición x,Posición y,"Posición (x,y)",Color (categoría),Color ±1,Nombre exacto,Índice macro
VL-JEPA · p0,0.25,0.4271,0.3727,0.1633,0.2111,0.4431,0.016,0.28546666666666665
VL-JEPA · p1,0.2606,0.4215,0.3609,0.1584,0.2074,0.442,0.0171,0.287
VL-JEPA · p2,0.2649,0.4243,0.36,0.1602,0.2021,0.4409,0.0188,0.2886666666666666
VL-JEPA · p3,0.2662,0.4267,0.3632,0.1625,0.2051,0.4438,0.0193,0.2908333333333333
VL-JEPA · p4,0.2652,0.426,0.3596,0.1612,0.207,0.4435,0.0185,0.28996666666666665
VL-JEPA · p4m,0.2668,0.4249,0.3572,0.1607,0.2044,0.4455,0.0194,0.291
LLaVA-OV 0.5B · p0,0.2761,0.2924,0.2485,0.0882,0.6566,0.941,0.0437,0.4351
LLaVA-OV 0.5B · p1,0.2898,0.4002,0.3123,0.1235,0.6809,0.969,0.0472,0.4607666666666666
LLaVA-OV 0.5B · p2,0.2536,0.0003,0.0172,0.0001,0.0,0.0,0.0,0.08456666666666666
LLaVA-OV 0.5B · p3,0.3767,0.3323,0.3331,0.114,0.5547,0.9147,0.0463,0.4684666666666666
LLaVA-OV 0.5B · p4,0.1733,0.1724,0.142,0.0501,0.3839,0.5512,0.0348,0.2582
LLaVA-OV 0.5B · p4m,0.2345,0.0338,0.0453,0.0099,0.5976,0.8806,0.0428,0.375
Qwen3.5 Base · p0,0.1544,0.3765,0.3558,0.1942,0.6845,0.9762,0.0513,0.4416
Qwen3.5 Base · p1,0.1729,0.6491,0.5762,0.4303,0.6876,0.9777,0.0566,0.5269666666666666
Qwen3.5 Base · p2,0.3735,0.0522,0.3594,0.0057,0.0501,0.0561,0.0068,0.1451
Qwen3.5 Base · p3,0.3382,0.4961,0.445,0.2255,0.2747,0.3549,0.0211,0.3062
Qwen3.5 Base · p4,0.1421,0.3365,0.3277,0.1068,0.1589,0.3397,0.0422,0.1962
Qwen3.5 Base · p4m,0.1588,0.609,0.4596,0.338,0.6823,0.9689,0.0506,0.4885666666666666
Qwen3.5 Instruct · p0,0.1355,0.5589,0.391,0.2672,0.6733,0.9722,0.0449,0.4583
Qwen3.5 Instruct · p1,0.1503,0.595,0.4391,0.3083,0.6854,0.9809,0.0454,0.4798333333333333
Qwen3.5 Instruct · p2,0.4037,0.6425,0.2647,0.1618,0.0031,0.0032,0.0003,0.18956666666666666
Qwen3.5 Instruct · p3,0.4351,0.6214,0.623,0.3833,0.6947,0.99,0.0547,0.6028
Qwen3.5 Instruct · p4,0.1421,0.3365,0.3277,0.1068,0.1589,0.3397,0.0422,0.1962
Qwen3.5 Instruct · p4m,0.204,0.6696,0.5353,0.3639,0.6491,0.9118,0.0489,0.4932333333333333
InternVL3 1B · p0,0.1605,0.194,0.2134,0.0628,0.67,0.9767,0.0497,0.4
InternVL3 1B · p1,0.2084,0.4222,0.3159,0.1337,0.6468,0.9583,0.0488,0.4334666666666666
InternVL3 1B · p2,0.2535,0.0183,0.3277,0.0054,0.6353,0.9659,0.0518,0.40826666666666667
InternVL3 1B · p3,0.3139,0.036,0.31,0.0188,0.5708,0.9413,0.0501,0.4246666666666666
InternVL3 1B · p4,0.1432,0.3264,0.3139,0.104,0.1602,0.341,0.0426,0.19606666666666664
InternVL3 1B · p4m,0.1411,0.0367,0.026,0.0169,0.2633,0.5652,0.0385,0.24106666666666665
