run,model,prompt,attr,n,mencion,exactitud,ic_lo,ic_hi,exactitud_cond
InternVL3 1B · p0,internvl3_1b,p0_minimal,shape,10000,0.201,0.1605,0.15343614475522827,0.16782459013846113,0.7985074626865671
InternVL3 1B · p0,internvl3_1b,p0_minimal,x,10000,0.5036,0.194,0.18636783716633087,0.2018671698365232,0.3852263701350278
InternVL3 1B · p0,internvl3_1b,p0_minimal,y,10000,0.5677,0.2134,0.20548071726496467,0.22153939060110714,0.3759027655451823
InternVL3 1B · p0,internvl3_1b,p0_minimal,pos,10000,0.431,0.0628,0.05821090451957561,0.06772486365574398,0.145707656612529
InternVL3 1B · p0,internvl3_1b,p0_minimal,color,10000,0.9957,0.67,0.6607202587518153,0.6791491818021547,0.6728934417997389
InternVL3 1B · p0,internvl3_1b,p0_minimal,color_adj,10000,0.9957,0.9767,0.9735551577740434,0.9794787381793534,0.9809179471728432
InternVL3 1B · p0,internvl3_1b,p0_minimal,name,10000,0.9957,0.0497,0.04561074273117131,0.05413508620146002,0.04991463292156272
InternVL3 1B · p1,internvl3_1b,p1_attributes,shape,10000,0.2794,0.2084,0.20055204086416037,0.21647190698561822,0.7458840372226199
InternVL3 1B · p1,internvl3_1b,p1_attributes,x,10000,0.94,0.4222,0.4125512282416209,0.43190852190485635,0.4491489361702128
InternVL3 1B · p1,internvl3_1b,p1_attributes,y,10000,0.9104,0.3159,0.3068608199786676,0.32508056822141546,0.3469903339191564
InternVL3 1B · p1,internvl3_1b,p1_attributes,pos,10000,0.8747,0.1337,0.12717011655868282,0.14051120064767486,0.15285240653938492
InternVL3 1B · p1,internvl3_1b,p1_attributes,color,10000,0.986,0.6468,0.637377332369386,0.6561099257089834,0.6559837728194726
InternVL3 1B · p1,internvl3_1b,p1_attributes,color_adj,10000,0.986,0.9583,0.954202792772245,0.9620452343211929,0.9719066937119676
InternVL3 1B · p1,internvl3_1b,p1_attributes,name,10000,0.986,0.0488,0.04474778133939989,0.05319873879029866,0.04949290060851927
InternVL3 1B · p2,internvl3_1b,p2_constrained,shape,10000,0.3344,0.2535,0.24506963669206966,0.2621196745046738,0.7580741626794258
InternVL3 1B · p2,internvl3_1b,p2_constrained,x,10000,0.0332,0.0183,0.015851953288404896,0.021117990741904933,0.5512048192771084
InternVL3 1B · p2,internvl3_1b,p2_constrained,y,10000,0.9958,0.3277,0.31856811425603293,0.3369642115825021,0.329082145009038
InternVL3 1B · p2,internvl3_1b,p2_constrained,pos,10000,0.0292,0.0054,0.0041413174551035775,0.007038533733169711,0.18493150684931506
InternVL3 1B · p2,internvl3_1b,p2_constrained,color,10000,0.9994,0.6353,0.6258155064832566,0.6446805835576382,0.6356814088453072
InternVL3 1B · p2,internvl3_1b,p2_constrained,color_adj,10000,0.9994,0.9659,0.9621602196717023,0.9692819706465012,0.9664798879327596
InternVL3 1B · p2,internvl3_1b,p2_constrained,name,10000,0.9994,0.0518,0.04762580193687199,0.05631841420260249,0.05183109865919552
InternVL3 1B · p3,internvl3_1b,p3_json,shape,10000,0.4882,0.3139,0.30487719998877627,0.3230657242047895,0.6429741909053667
InternVL3 1B · p3,internvl3_1b,p3_json,x,10000,0.0695,0.036,0.032523311925956866,0.03983303856203099,0.5179856115107914
InternVL3 1B · p3,internvl3_1b,p3_json,y,10000,0.9579,0.31,0.3010097056057109,0.31913621377514617,0.32362459546925565
InternVL3 1B · p3,internvl3_1b,p3_json,pos,10000,0.0579,0.0188,0.016316898339641,0.021652661692298153,0.32469775474956825
InternVL3 1B · p3,internvl3_1b,p3_json,color,10000,0.9999,0.5708,0.5610735610775115,0.5804720647532007,0.5708570857085709
InternVL3 1B · p3,internvl3_1b,p3_json,color_adj,10000,0.9999,0.9413,0.9365211726696403,0.9457399103684005,0.9413941394139413
InternVL3 1B · p3,internvl3_1b,p3_json,name,10000,0.9999,0.0501,0.04599440546592007,0.05455111626801472,0.0501050105010501
InternVL3 1B · p4,internvl3_1b,p4_dataset_format,shape,10000,0.9916,0.1432,0.13647166460830873,0.15020235662900605,0.1444130697862041
InternVL3 1B · p4,internvl3_1b,p4_dataset_format,x,10000,0.9633,0.3264,0.31727800100848585,0.335655323225813,0.3388352538150109
InternVL3 1B · p4,internvl3_1b,p4_dataset_format,y,10000,0.9633,0.3139,0.30487719998877627,0.3230657242047895,0.3258590262638846
InternVL3 1B · p4,internvl3_1b,p4_dataset_format,pos,10000,0.9633,0.104,0.09816828299142254,0.11013584371815331,0.10796221322537113
InternVL3 1B · p4,internvl3_1b,p4_dataset_format,color,10000,1.0,0.1602,0.15314169866306557,0.16751926662964625,0.1602
InternVL3 1B · p4,internvl3_1b,p4_dataset_format,color_adj,10000,1.0,0.341,0.3317715208944786,0.3503505905873965,0.341
InternVL3 1B · p4,internvl3_1b,p4_dataset_format,name,10000,1.0,0.0426,0.03881428812903491,0.04673699358046003,0.0426
InternVL3 1B · p4m,internvl3_1b,p4m_multiexample,shape,10000,0.8027,0.1411,0.1344146169279822,0.14806101710248945,0.1757817366388439
InternVL3 1B · p4m,internvl3_1b,p4m_multiexample,x,10000,0.0625,0.0367,0.033189114320119714,0.04056669857014922,0.5872
InternVL3 1B · p4m,internvl3_1b,p4m_multiexample,y,10000,0.0612,0.026,0.02305831481278748,0.02930571564261393,0.42483660130718953
InternVL3 1B · p4m,internvl3_1b,p4m_multiexample,pos,10000,0.0606,0.0169,0.014552860307057098,0.019618158918690627,0.27887788778877887
InternVL3 1B · p4m,internvl3_1b,p4m_multiexample,color,10000,0.9998,0.2633,0.25475992377657564,0.2720218610521026,0.2633526705341068
InternVL3 1B · p4m,internvl3_1b,p4m_multiexample,color_adj,10000,0.9998,0.5652,0.5554606528792638,0.5748892737332001,0.5653130626125225
InternVL3 1B · p4m,internvl3_1b,p4m_multiexample,name,10000,0.9998,0.0385,0.03490280656189386,0.04245162393424062,0.03850770154030806
LLaVA-OV 0.5B · p0,llava_ov_05b,p0_minimal,shape,10000,0.4995,0.2761,0.267424888159396,0.28494706631099287,0.5527527527527527
LLaVA-OV 0.5B · p0,llava_ov_05b,p0_minimal,x,10000,0.8275,0.2924,0.28356588173732356,0.3013935543861813,0.35335347432024167
LLaVA-OV 0.5B · p0,llava_ov_05b,p0_minimal,y,10000,0.8314,0.2485,0.2401278000841589,0.2570653510962914,0.29889343276401253
LLaVA-OV 0.5B · p0,llava_ov_05b,p0_minimal,pos,10000,0.7819,0.0882,0.08279877390504671,0.09391748715304253,0.11280214861235452
LLaVA-OV 0.5B · p0,llava_ov_05b,p0_minimal,color,10000,0.9888,0.6566,0.6472346951580967,0.6658450365522073,0.6640372168284789
LLaVA-OV 0.5B · p0,llava_ov_05b,p0_minimal,color_adj,10000,0.9888,0.941,0.9362102798195575,0.9454510336175055,0.95165857605178
LLaVA-OV 0.5B · p0,llava_ov_05b,p0_minimal,name,10000,0.9888,0.0437,0.03986546628744224,0.04788497062563722,0.044194983818770225
LLaVA-OV 0.5B · p1,llava_ov_05b,p1_attributes,shape,10000,0.4867,0.2898,0.2809902997942909,0.29877113312074144,0.5954386685843436
LLaVA-OV 0.5B · p1,llava_ov_05b,p1_attributes,x,10000,0.982,0.4002,0.39063746775296854,0.40983917832181843,0.4075356415478615
LLaVA-OV 0.5B · p1,llava_ov_05b,p1_attributes,y,10000,0.9509,0.3123,0.30329044504749597,0.321453707940856,0.328425701966558
LLaVA-OV 0.5B · p1,llava_ov_05b,p1_attributes,pos,10000,0.9468,0.1235,0.11719571024051997,0.1300934405325995,0.13043937473595268
LLaVA-OV 0.5B · p1,llava_ov_05b,p1_attributes,color,10000,0.9943,0.6809,0.6716960864696419,0.6899649829198472,0.6848033792617922
LLaVA-OV 0.5B · p1,llava_ov_05b,p1_attributes,color_adj,10000,0.9943,0.969,0.9654188223848608,0.9722209871434444,0.9745549632907573
LLaVA-OV 0.5B · p1,llava_ov_05b,p1_attributes,name,10000,0.9943,0.0472,0.04321461148733595,0.051533137437148754,0.04747058231921955
LLaVA-OV 0.5B · p2,llava_ov_05b,p2_constrained,shape,10000,0.9964,0.2536,0.24516848868880325,0.26222074570826603,0.2545162585307106
LLaVA-OV 0.5B · p2,llava_ov_05b,p2_constrained,x,10000,0.0014,0.0003,0.00010203219941781012,0.0008817357722363795,0.21428571428571427
LLaVA-OV 0.5B · p2,llava_ov_05b,p2_constrained,y,10000,0.0685,0.0172,0.014830880567997445,0.01993990825872787,0.2510948905109489
LLaVA-OV 0.5B · p2,llava_ov_05b,p2_constrained,pos,10000,0.0014,0.0001,1.765267360112231e-05,0.0005662688974013381,0.07142857142857142
LLaVA-OV 0.5B · p2,llava_ov_05b,p2_constrained,color,10000,0.0,0.0,0.0,0.00038399837067659573,
LLaVA-OV 0.5B · p2,llava_ov_05b,p2_constrained,color_adj,10000,0.0,0.0,0.0,0.00038399837067659573,
LLaVA-OV 0.5B · p2,llava_ov_05b,p2_constrained,name,10000,0.0,0.0,0.0,0.00038399837067659573,
LLaVA-OV 0.5B · p3,llava_ov_05b,p3_json,shape,10000,0.9816,0.3767,0.3672518770571848,0.38624281694102386,0.38376120619396903
LLaVA-OV 0.5B · p3,llava_ov_05b,p3_json,x,10000,1.0,0.3323,0.3231337713017984,0.34159502175172646,0.3323
LLaVA-OV 0.5B · p3,llava_ov_05b,p3_json,y,10000,1.0,0.3331,0.32392790011081196,0.34240027854531985,0.3331
LLaVA-OV 0.5B · p3,llava_ov_05b,p3_json,pos,10000,1.0,0.114,0.1079186694866081,0.12037777725555425,0.114
LLaVA-OV 0.5B · p3,llava_ov_05b,p3_json,color,10000,0.9681,0.5547,0.5449398435713352,0.5644181470069128,0.572977998140688
LLaVA-OV 0.5B · p3,llava_ov_05b,p3_json,color_adj,10000,0.9681,0.9147,0.9090647707583752,0.9200167409929856,0.944840409048652
LLaVA-OV 0.5B · p3,llava_ov_05b,p3_json,name,10000,0.9681,0.0463,0.04235277568717738,0.05059566443437455,0.04782563784732982
LLaVA-OV 0.5B · p4,llava_ov_05b,p4_dataset_format,shape,10000,0.9509,0.1733,0.16600722639603668,0.1808436781393634,0.18224839625617836
LLaVA-OV 0.5B · p4,llava_ov_05b,p4_dataset_format,x,10000,0.439,0.1724,0.1651228230051286,0.1799287727273387,0.3927107061503417
LLaVA-OV 0.5B · p4,llava_ov_05b,p4_dataset_format,y,10000,0.4418,0.142,0.1352961466999413,0.14897879613346313,0.32141240380262565
LLaVA-OV 0.5B · p4,llava_ov_05b,p4_dataset_format,pos,10000,0.4377,0.0501,0.04599440546592007,0.05455111626801472,0.11446196024674435
LLaVA-OV 0.5B · p4,llava_ov_05b,p4_dataset_format,color,10000,0.663,0.3839,0.37441433638165234,0.39347482804001876,0.5790346907993967
LLaVA-OV 0.5B · p4,llava_ov_05b,p4_dataset_format,color_adj,10000,0.663,0.5512,0.5414338860554979,0.5609267925113448,0.8313725490196079
LLaVA-OV 0.5B · p4,llava_ov_05b,p4_dataset_format,name,10000,0.663,0.0348,0.03138280279392551,0.038574469290151986,0.05248868778280543
LLaVA-OV 0.5B · p4m,llava_ov_05b,p4m_multiexample,shape,10000,0.8159,0.2345,0.22629882892333297,0.24290507421149626,0.2874126731217061
LLaVA-OV 0.5B · p4m,llava_ov_05b,p4m_multiexample,x,10000,0.1362,0.0338,0.03043324819141217,0.03752479188940666,0.24816446402349487
LLaVA-OV 0.5B · p4m,llava_ov_05b,p4m_multiexample,y,10000,0.1363,0.0453,0.04139568097178173,0.04955352714651155,0.33235509904622157
LLaVA-OV 0.5B · p4m,llava_ov_05b,p4m_multiexample,pos,10000,0.1362,0.0099,0.00813900122178111,0.01203739398115609,0.07268722466960352
LLaVA-OV 0.5B · p4m,llava_ov_05b,p4m_multiexample,color,10000,0.927,0.5976,0.5879529889416454,0.6071720545763987,0.6446601941747573
LLaVA-OV 0.5B · p4m,llava_ov_05b,p4m_multiexample,color_adj,10000,0.927,0.8806,0.8740980382180892,0.8868096622221517,0.9499460625674218
LLaVA-OV 0.5B · p4m,llava_ov_05b,p4m_multiexample,name,10000,0.927,0.0428,0.03900535884286428,0.046945769267282375,0.04617044228694714
Qwen3.5 Base · p0,qwen35_08b_base,p0_minimal,shape,10000,0.4474,0.1544,0.14745085379944609,0.1616145658743656,0.3451050514081359
Qwen3.5 Base · p0,qwen35_08b_base,p0_minimal,x,10000,0.6929,0.3765,0.3670529515892933,0.3860418960082638,0.5433684514359937
Qwen3.5 Base · p0,qwen35_08b_base,p0_minimal,y,10000,0.8041,0.3558,0.3464735851602084,0.36523715996989464,0.4424822783235916
Qwen3.5 Base · p0,qwen35_08b_base,p0_minimal,pos,10000,0.6103,0.1942,0.18656473063500323,0.20207012276850256,0.31820416188759626
Qwen3.5 Base · p0,qwen35_08b_base,p0_minimal,color,10000,0.9978,0.6845,0.67532238495274,0.6935359196484804,0.6860092202846262
Qwen3.5 Base · p0,qwen35_08b_base,p0_minimal,color_adj,10000,0.9978,0.9762,0.9730246348424818,0.9790096451092856,0.9783523752254961
Qwen3.5 Base · p0,qwen35_08b_base,p0_minimal,name,10000,0.9978,0.0513,0.047145842042160484,0.05579875809568468,0.05141310883944678
Qwen3.5 Base · p1,qwen35_08b_base,p1_attributes,shape,10000,0.6175,0.1729,0.16561414916870065,0.18043706256539593,0.28
Qwen3.5 Base · p1,qwen35_08b_base,p1_attributes,x,10000,0.9524,0.6491,0.6396904051792891,0.6583950865065751,0.6815413691726165
Qwen3.5 Base · p1,qwen35_08b_base,p1_attributes,y,10000,0.9732,0.5762,0.5664872076669094,0.5858542709813996,0.5920674064940403
Qwen3.5 Base · p1,qwen35_08b_base,p1_attributes,pos,10000,0.9423,0.4303,0.4206244551483422,0.44002907422453,0.45664862570306697
Qwen3.5 Base · p1,qwen35_08b_base,p1_attributes,color,10000,0.9964,0.6876,0.6784455373583167,0.6966103864530053,0.6900843034925732
Qwen3.5 Base · p1,qwen35_08b_base,p1_attributes,color_adj,10000,0.9964,0.9777,0.9746172789129399,0.9804158490437156,0.9812324367723806
Qwen3.5 Base · p1,qwen35_08b_base,p1_attributes,name,10000,0.9964,0.0566,0.05223891451718412,0.061301615237931865,0.05680449618627057
Qwen3.5 Base · p2,qwen35_08b_base,p2_constrained,shape,10000,0.9317,0.3735,0.36406927653973986,0.38302787504804126,0.4008801116239133
Qwen3.5 Base · p2,qwen35_08b_base,p2_constrained,x,10000,0.0864,0.0522,0.04800985071545024,0.05673405822532771,0.6041666666666666
Qwen3.5 Base · p2,qwen35_08b_base,p2_constrained,y,10000,0.8826,0.3594,0.35005125176251944,0.3688567285793147,0.40720598232494903
Qwen3.5 Base · p2,qwen35_08b_base,p2_constrained,pos,10000,0.0173,0.0057,0.004402415829723049,0.007377204959527834,0.32947976878612717
Qwen3.5 Base · p2,qwen35_08b_base,p2_constrained,color,10000,0.0565,0.0501,0.04599440546592007,0.05455111626801472,0.8867256637168142
Qwen3.5 Base · p2,qwen35_08b_base,p2_constrained,color_adj,10000,0.0565,0.0561,0.05175793644691601,0.06078297730657066,0.9929203539823008
Qwen3.5 Base · p2,qwen35_08b_base,p2_constrained,name,10000,0.0565,0.0068,0.005367876155841787,0.008610899836993606,0.12035398230088495
Qwen3.5 Base · p3,qwen35_08b_base,p3_json,shape,10000,0.9996,0.3382,0.3289911726570576,0.34753308921569326,0.33833533413365346
Qwen3.5 Base · p3,qwen35_08b_base,p3_json,x,10000,1.0,0.4961,0.486303857352408,0.5058991378348832,0.4961
Qwen3.5 Base · p3,qwen35_08b_base,p3_json,y,10000,1.0,0.445,0.4352826167580302,0.45475962306274414,0.445
Qwen3.5 Base · p3,qwen35_08b_base,p3_json,pos,10000,1.0,0.2255,0.2174153934995728,0.23379542160592862,0.2255
Qwen3.5 Base · p3,qwen35_08b_base,p3_json,color,10000,0.3576,0.2747,0.26603921321298135,0.2835338164528454,0.7681767337807607
Qwen3.5 Base · p3,qwen35_08b_base,p3_json,color_adj,10000,0.3576,0.3549,0.3455792587226931,0.36433217760447717,0.9924496644295302
Qwen3.5 Base · p3,qwen35_08b_base,p3_json,name,10000,0.3576,0.0211,0.0184616240216039,0.02410616961783014,0.05900447427293065
Qwen3.5 Base · p4,qwen35_08b_base,p4_dataset_format,shape,10000,1.0,0.1421,0.1353941002201034,0.1490807658136269,0.1421
Qwen3.5 Base · p4,qwen35_08b_base,p4_dataset_format,x,10000,1.0,0.3365,0.3273032808300025,0.3458222866372087,0.3365
Qwen3.5 Base · p4,qwen35_08b_base,p4_dataset_format,y,10000,1.0,0.3277,0.31856811425603293,0.3369642115825021,0.3277
Qwen3.5 Base · p4,qwen35_08b_base,p4_dataset_format,pos,10000,1.0,0.1068,0.10089674618888189,0.1130052301298182,0.1068
Qwen3.5 Base · p4,qwen35_08b_base,p4_dataset_format,color,10000,1.0,0.1589,0.15186586901587565,0.16619609467259996,0.1589
Qwen3.5 Base · p4,qwen35_08b_base,p4_dataset_format,color_adj,10000,1.0,0.3397,0.3304805999778856,0.3490425098997533,0.3397
Qwen3.5 Base · p4,qwen35_08b_base,p4_dataset_format,name,10000,1.0,0.0422,0.038432217996841815,0.04631937091134967,0.0422
Qwen3.5 Base · p4m,qwen35_08b_base,p4m_multiexample,shape,10000,0.1964,0.1588,0.15176773526473988,0.16609430522340982,0.8085539714867617
Qwen3.5 Base · p4m,qwen35_08b_base,p4m_multiexample,x,10000,0.9628,0.609,0.5993957668614154,0.618520521493777,0.6325301204819277
Qwen3.5 Base · p4m,qwen35_08b_base,p4m_multiexample,y,10000,0.9999,0.4596,0.4498495990066869,0.46938142806166366,0.4596459645964596
Qwen3.5 Base · p4m,qwen35_08b_base,p4m_multiexample,pos,10000,0.9627,0.338,0.3287925902017854,0.3473318252703137,0.3510958761815727
Qwen3.5 Base · p4m,qwen35_08b_base,p4m_multiexample,color,10000,0.9998,0.6823,0.673106238887639,0.6913537553064124,0.6824364872974595
Qwen3.5 Base · p4m,qwen35_08b_base,p4m_multiexample,color_adj,10000,0.9998,0.9689,0.9653135722610882,0.9721263140668912,0.9690938187637528
Qwen3.5 Base · p4m,qwen35_08b_base,p4m_multiexample,name,10000,0.9998,0.0506,0.046474089659734416,0.05507104807582969,0.05061012202440488
Qwen3.5 Instruct · p0,qwen35_08b_instruct,p0_minimal,shape,10000,0.3567,0.1355,0.1289316841669932,0.14234825064523005,0.37987104008971123
Qwen3.5 Instruct · p0,qwen35_08b_instruct,p0_minimal,x,10000,0.8646,0.5589,0.5491476377288572,0.5686071272630769,0.6464260929909785
Qwen3.5 Instruct · p0,qwen35_08b_instruct,p0_minimal,y,10000,0.8756,0.391,0.3814794785062229,0.4006042331385845,0.4465509365006852
Qwen3.5 Instruct · p0,qwen35_08b_instruct,p0_minimal,pos,10000,0.7947,0.2672,0.2586178050099571,0.2759609846314298,0.33622750723543476
Qwen3.5 Instruct · p0,qwen35_08b_instruct,p0_minimal,color,10000,0.9971,0.6733,0.6640426184992193,0.6824242876655041,0.6752582489218735
Qwen3.5 Instruct · p0,qwen35_08b_instruct,p0_minimal,color_adj,10000,0.9971,0.9722,0.9687920269633385,0.9752453249753943,0.9750275799819477
Qwen3.5 Instruct · p0,qwen35_08b_instruct,p0_minimal,name,10000,0.9971,0.0449,0.04101299418343707,0.04913652113355277,0.045030588707251025
Qwen3.5 Instruct · p1,qwen35_08b_instruct,p1_attributes,shape,10000,0.4926,0.1503,0.1434301119298219,0.15743845653062927,0.305115712545676
Qwen3.5 Instruct · p1,qwen35_08b_instruct,p1_attributes,x,10000,0.902,0.595,0.58534399115629,0.6045830491532814,0.6596452328159645
Qwen3.5 Instruct · p1,qwen35_08b_instruct,p1_attributes,y,10000,0.9094,0.4391,0.42939836814584637,0.4488484028557019,0.4828458324169782
Qwen3.5 Instruct · p1,qwen35_08b_instruct,p1_attributes,pos,10000,0.8657,0.3083,0.29932410987241426,0.31742311510290305,0.35612798891070807
Qwen3.5 Instruct · p1,qwen35_08b_instruct,p1_attributes,color,10000,0.9964,0.6854,0.6762290581495168,0.6944285552546362,0.6878763548775592
Qwen3.5 Instruct · p1,qwen35_08b_instruct,p1_attributes,color_adj,10000,0.9964,0.9809,0.9780267698544574,0.9834039005126258,0.9844439983942191
Qwen3.5 Instruct · p1,qwen35_08b_instruct,p1_attributes,name,10000,0.9964,0.0454,0.041491366286706785,0.04965776503191237,0.04556403050983541
Qwen3.5 Instruct · p2,qwen35_08b_instruct,p2_constrained,shape,10000,0.9991,0.4037,0.3941224131002874,0.4133515449859049,0.4040636572915624
Qwen3.5 Instruct · p2,qwen35_08b_instruct,p2_constrained,x,10000,0.9163,0.6425,0.6330535274667152,0.6518370329976418,0.7011895667357853
Qwen3.5 Instruct · p2,qwen35_08b_instruct,p2_constrained,y,10000,0.6921,0.2647,0.2561447045628046,0.27343600507043575,0.3824591821991042
Qwen3.5 Instruct · p2,qwen35_08b_instruct,p2_constrained,pos,10000,0.6341,0.1618,0.1547121804868045,0.16914755601112116,0.2551648005046523
Qwen3.5 Instruct · p2,qwen35_08b_instruct,p2_constrained,color,10000,0.0033,0.0031,0.002184864524503692,0.004396753056274708,0.9393939393939394
Qwen3.5 Instruct · p2,qwen35_08b_instruct,p2_constrained,color_adj,10000,0.0033,0.0032,0.0022677138537914978,0.004513826927312767,0.9696969696969697
Qwen3.5 Instruct · p2,qwen35_08b_instruct,p2_constrained,name,10000,0.0033,0.0003,0.00010203219941781012,0.0008817357722363795,0.09090909090909091
Qwen3.5 Instruct · p3,qwen35_08b_instruct,p3_json,shape,10000,0.9992,0.4351,0.4254098399828772,0.44484000300563653,0.43544835868694953
Qwen3.5 Instruct · p3,qwen35_08b_instruct,p3_json,x,10000,0.9999,0.6214,0.6118485199883645,0.6308582452072351,0.6214621462146215
Qwen3.5 Instruct · p3,qwen35_08b_instruct,p3_json,y,10000,1.0,0.623,0.6134558048877433,0.6324497315130703,0.623
Qwen3.5 Instruct · p3,qwen35_08b_instruct,p3_json,pos,10000,0.9999,0.3833,0.3738173801504422,0.39287224506927354,0.38333833383338334
Qwen3.5 Instruct · p3,qwen35_08b_instruct,p3_json,color,10000,0.9997,0.6947,0.6856003511633125,0.7036501198711459,0.6949084725417626
Qwen3.5 Instruct · p3,qwen35_08b_instruct,p3_json,color_adj,10000,0.9997,0.99,0.9878530177448853,0.9917706638518516,0.990297089126738
Qwen3.5 Instruct · p3,qwen35_08b_instruct,p3_json,name,10000,0.9997,0.0547,0.05041173530937794,0.05933025363954662,0.05471641492447734
Qwen3.5 Instruct · p4,qwen35_08b_instruct,p4_dataset_format,shape,10000,1.0,0.1421,0.1353941002201034,0.1490807658136269,0.1421
Qwen3.5 Instruct · p4,qwen35_08b_instruct,p4_dataset_format,x,10000,1.0,0.3365,0.3273032808300025,0.3458222866372087,0.3365
Qwen3.5 Instruct · p4,qwen35_08b_instruct,p4_dataset_format,y,10000,1.0,0.3277,0.31856811425603293,0.3369642115825021,0.3277
Qwen3.5 Instruct · p4,qwen35_08b_instruct,p4_dataset_format,pos,10000,1.0,0.1068,0.10089674618888189,0.1130052301298182,0.1068
Qwen3.5 Instruct · p4,qwen35_08b_instruct,p4_dataset_format,color,10000,1.0,0.1589,0.15186586901587565,0.16619609467259996,0.1589
Qwen3.5 Instruct · p4,qwen35_08b_instruct,p4_dataset_format,color_adj,10000,1.0,0.3397,0.3304805999778856,0.3490425098997533,0.3397
Qwen3.5 Instruct · p4,qwen35_08b_instruct,p4_dataset_format,name,10000,1.0,0.0422,0.038432217996841815,0.04631937091134967,0.0422
Qwen3.5 Instruct · p4m,qwen35_08b_instruct,p4m_multiexample,shape,10000,0.3036,0.204,0.19621631517671306,0.21201101185872745,0.6719367588932806
Qwen3.5 Instruct · p4m,qwen35_08b_instruct,p4m_multiexample,x,10000,0.9813,0.6696,0.6603175834118176,0.678752164340849,0.6823601345154388
Qwen3.5 Instruct · p4m,qwen35_08b_instruct,p4m_multiexample,y,10000,0.9983,0.5353,0.5255129460018687,0.5450599437131615,0.5362115596514074
Qwen3.5 Instruct · p4m,qwen35_08b_instruct,p4m_multiexample,pos,10000,0.9796,0.3639,0.35452414245347236,0.37338038190302575,0.3714781543487138
Qwen3.5 Instruct · p4m,qwen35_08b_instruct,p4m_multiexample,color,10000,0.9758,0.6491,0.6396904051792891,0.6583950865065751,0.6651977864316458
Qwen3.5 Instruct · p4m,qwen35_08b_instruct,p4m_multiexample,color_adj,10000,0.9758,0.9118,0.9060825128469575,0.9172012260949532,0.9344127895060463
Qwen3.5 Instruct · p4m,qwen35_08b_instruct,p4m_multiexample,name,10000,0.9758,0.0489,0.044843646588557176,0.053302796741467234,0.050112728018036484
VL-JEPA · p0,vljepa_open_msrvtt,p0_minimal,shape,10000,1.0,0.25,0.24161019318292498,0.2585818060024132,0.25
VL-JEPA · p0,vljepa_open_msrvtt,p0_minimal,x,10000,1.0,0.4271,0.41743471480354916,0.4368212721588954,0.4271
VL-JEPA · p0,vljepa_open_msrvtt,p0_minimal,y,10000,1.0,0.3727,0.36327369554009986,0.3822240704450743,0.3727
VL-JEPA · p0,vljepa_open_msrvtt,p0_minimal,pos,10000,1.0,0.1633,0.15618473511471792,0.1706738493880957,0.1633
VL-JEPA · p0,vljepa_open_msrvtt,p0_minimal,color,10000,1.0,0.2111,0.20321330228738893,0.21920857197118798,0.2111
VL-JEPA · p0,vljepa_open_msrvtt,p0_minimal,color_adj,10000,1.0,0.4431,0.433387537353614,0.45285616166096887,0.4431
VL-JEPA · p0,vljepa_open_msrvtt,p0_minimal,name,10000,1.0,0.016,0.013720046519002554,0.018651663903812385,0.016
VL-JEPA · p1,vljepa_open_msrvtt,p1_attributes,shape,10000,1.0,0.2606,0.25208959285350985,0.26929426556637004,0.2606
VL-JEPA · p1,vljepa_open_msrvtt,p1_attributes,x,10000,1.0,0.4215,0.4118536668601648,0.4312066208840313,0.4215
VL-JEPA · p1,vljepa_open_msrvtt,p1_attributes,y,10000,1.0,0.3609,0.3515421159510894,0.37036471239563273,0.3609
VL-JEPA · p1,vljepa_open_msrvtt,p1_attributes,pos,10000,1.0,0.1584,0.1513752102931381,0.16568713739370816,0.1584
VL-JEPA · p1,vljepa_open_msrvtt,p1_attributes,color,10000,1.0,0.2074,0.19956652325179844,0.21545819259472151,0.2074
VL-JEPA · p1,vljepa_open_msrvtt,p1_attributes,color_adj,10000,1.0,0.442,0.43229045202492355,0.45175409178607484,0.442
VL-JEPA · p1,vljepa_open_msrvtt,p1_attributes,name,10000,1.0,0.0171,0.014738184787739424,0.01983268083866003,0.0171
VL-JEPA · p2,vljepa_open_msrvtt,p2_constrained,shape,10000,1.0,0.2649,0.256342539526134,0.27363801650775804,0.2649
VL-JEPA · p2,vljepa_open_msrvtt,p2_constrained,x,10000,1.0,0.4243,0.41464403182417825,0.43401410552914216,0.4243
VL-JEPA · p2,vljepa_open_msrvtt,p2_constrained,y,10000,1.0,0.36,0.35064758548491903,0.36945993405887034,0.36
VL-JEPA · p2,vljepa_open_msrvtt,p2_constrained,pos,10000,1.0,0.1602,0.15314169866306557,0.16751926662964625,0.1602
VL-JEPA · p2,vljepa_open_msrvtt,p2_constrained,color,10000,1.0,0.2021,0.19434451575807277,0.21008427047117634,0.2021
VL-JEPA · p2,vljepa_open_msrvtt,p2_constrained,color_adj,10000,1.0,0.4409,0.43119341507287556,0.45065197353453834,0.4409
VL-JEPA · p2,vljepa_open_msrvtt,p2_constrained,name,10000,1.0,0.0188,0.016316898339641,0.021652661692298153,0.0188
VL-JEPA · p3,vljepa_open_msrvtt,p3_json,shape,10000,1.0,0.2662,0.25762852227002375,0.2749510353681045,0.2662
VL-JEPA · p3,vljepa_open_msrvtt,p3_json,x,10000,1.0,0.4267,0.41703602636725556,0.43642026779388554,0.4267
VL-JEPA · p3,vljepa_open_msrvtt,p3_json,y,10000,1.0,0.3632,0.35382830079612004,0.372676761158097,0.3632
VL-JEPA · p3,vljepa_open_msrvtt,p3_json,pos,10000,1.0,0.1625,0.1553993453552091,0.1698598535449976,0.1625
VL-JEPA · p3,vljepa_open_msrvtt,p3_json,color,10000,1.0,0.2051,0.19730011215076365,0.2131263700882614,0.2051
VL-JEPA · p3,vljepa_open_msrvtt,p3_json,color_adj,10000,1.0,0.4438,0.4340857077335906,0.4535574536832732,0.4438
VL-JEPA · p3,vljepa_open_msrvtt,p3_json,name,10000,1.0,0.0193,0.01678232864046499,0.022186847393103493,0.0193
VL-JEPA · p4,vljepa_open_msrvtt,p4_dataset_format,shape,10000,1.0,0.2652,0.2566392962441319,0.2739410293907378,0.2652
VL-JEPA · p4,vljepa_open_msrvtt,p4_dataset_format,x,10000,1.0,0.426,0.41633833718761704,0.435718494571243,0.426
VL-JEPA · p4,vljepa_open_msrvtt,p4_dataset_format,y,10000,1.0,0.3596,0.35025002789776805,0.3690577988447178,0.3596
VL-JEPA · p4,vljepa_open_msrvtt,p4_dataset_format,pos,10000,1.0,0.1612,0.15412322023982816,0.1685369770561423,0.1612
VL-JEPA · p4,vljepa_open_msrvtt,p4_dataset_format,color,10000,1.0,0.207,0.19917233675200946,0.215052686293207,0.207
VL-JEPA · p4,vljepa_open_msrvtt,p4_dataset_format,color_adj,10000,1.0,0.4435,0.43378648946006654,0.4532569023558198,0.4435
VL-JEPA · p4,vljepa_open_msrvtt,p4_dataset_format,name,10000,1.0,0.0185,0.016037871857846654,0.021331918573114905,0.0185
VL-JEPA · p4m,vljepa_open_msrvtt,p4m_multiexample,shape,10000,1.0,0.2668,0.2582220851213056,0.2755570117187778,0.2668
VL-JEPA · p4m,vljepa_open_msrvtt,p4m_multiexample,x,10000,1.0,0.4249,0.4152420085761923,0.43461566797908324,0.4249
VL-JEPA · p4m,vljepa_open_msrvtt,p4m_multiexample,y,10000,1.0,0.3572,0.34786483144189695,0.3666448384927682,0.3572
VL-JEPA · p4m,vljepa_open_msrvtt,p4m_multiexample,pos,10000,1.0,0.1607,0.15363244709948806,0.1680281341948531,0.1607
VL-JEPA · p4m,vljepa_open_msrvtt,p4m_multiexample,color,10000,1.0,0.2044,0.19661041272170574,0.21241660711503826,0.2044
VL-JEPA · p4m,vljepa_open_msrvtt,p4m_multiexample,color_adj,10000,1.0,0.4455,0.4357813458110235,0.4552605100113802,0.4455
VL-JEPA · p4m,vljepa_open_msrvtt,p4m_multiexample,name,10000,1.0,0.0194,0.016875471300350647,0.022293627933543694,0.0194
