A,B,atributo,n,acc_A,acc_B,Δ (B−A),p,p_holm
VL-JEPA · p4m,LLaVA-OV 0.5B · p3,Forma,10000,0.2668,0.3767,0.1099,1.1076238007686111e-66,1.3291485609223333e-65
VL-JEPA · p4m,LLaVA-OV 0.5B · p3,"Posición (x,y)",10000,0.1607,0.114,-0.046700000000000005,1.0435676132361117e-21,8.348540905888894e-21
VL-JEPA · p4m,LLaVA-OV 0.5B · p3,Color ±1,10000,0.4455,0.9147,0.46919999999999995,0.0,0.0
VL-JEPA · p4m,Qwen3.5 Base · p1,Forma,10000,0.2668,0.1729,-0.09389999999999998,7.497558882148028e-71,9.746826546792436e-70
VL-JEPA · p4m,Qwen3.5 Base · p1,"Posición (x,y)",10000,0.1607,0.4303,0.2696,0.0,0.0
VL-JEPA · p4m,Qwen3.5 Base · p1,Color ±1,10000,0.4455,0.9777,0.5322,0.0,0.0
VL-JEPA · p4m,Qwen3.5 Instruct · p3,Forma,10000,0.2668,0.4351,0.1683,4.889283574463582e-162,7.333925361695373e-161
VL-JEPA · p4m,Qwen3.5 Instruct · p3,"Posición (x,y)",10000,0.1607,0.3833,0.22259999999999996,3.79872411490336e-310,7.21757581831639e-309
VL-JEPA · p4m,Qwen3.5 Instruct · p3,Color ±1,10000,0.4455,0.99,0.5445,0.0,0.0
VL-JEPA · p4m,InternVL3 1B · p1,Forma,10000,0.2668,0.2084,-0.05839999999999998,7.474363390951238e-27,6.726927051856114e-26
VL-JEPA · p4m,InternVL3 1B · p1,"Posición (x,y)",10000,0.1607,0.1337,-0.026999999999999996,4.3519120634110476e-08,8.703824126822095e-08
VL-JEPA · p4m,InternVL3 1B · p1,Color ±1,10000,0.4455,0.9583,0.5128,0.0,0.0
LLaVA-OV 0.5B · p3,Qwen3.5 Base · p1,Forma,10000,0.3767,0.1729,-0.20379999999999998,2.051537583305338e-235,3.692767649949609e-234
LLaVA-OV 0.5B · p3,Qwen3.5 Base · p1,"Posición (x,y)",10000,0.114,0.4303,0.3163,0.0,0.0
LLaVA-OV 0.5B · p3,Qwen3.5 Base · p1,Color ±1,10000,0.9147,0.9777,0.06300000000000006,9.088845457541165e-108,1.272438364055763e-106
LLaVA-OV 0.5B · p3,Qwen3.5 Instruct · p3,Forma,10000,0.3767,0.4351,0.05840000000000001,6.95898117046634e-14,2.0876943511399018e-13
LLaVA-OV 0.5B · p3,Qwen3.5 Instruct · p3,"Posición (x,y)",10000,0.114,0.3833,0.2693,0.0,0.0
LLaVA-OV 0.5B · p3,Qwen3.5 Instruct · p3,Color ±1,10000,0.9147,0.99,0.07530000000000003,7.609712944921839e-189,1.2936512006367127e-187
LLaVA-OV 0.5B · p3,InternVL3 1B · p1,Forma,10000,0.3767,0.2084,-0.16829999999999998,1.6646167113288635e-173,2.6633867381261816e-172
LLaVA-OV 0.5B · p3,InternVL3 1B · p1,"Posición (x,y)",10000,0.114,0.1337,0.01970000000000001,6.734184628712678e-05,6.734184628712678e-05
LLaVA-OV 0.5B · p3,InternVL3 1B · p1,Color ±1,10000,0.9147,0.9583,0.04360000000000008,2.697518527661374e-51,2.697518527661374e-50
Qwen3.5 Base · p1,Qwen3.5 Instruct · p3,Forma,10000,0.1729,0.4351,0.2622,0.0,0.0
Qwen3.5 Base · p1,Qwen3.5 Instruct · p3,"Posición (x,y)",10000,0.4303,0.3833,-0.04700000000000004,7.034794415184955e-19,4.924356090629468e-18
Qwen3.5 Base · p1,Qwen3.5 Instruct · p3,Color ±1,10000,0.9777,0.99,0.012299999999999978,3.513962733558142e-16,1.4055850934232569e-15
Qwen3.5 Base · p1,InternVL3 1B · p1,Forma,10000,0.1729,0.2084,0.035500000000000004,2.6784895024518084e-18,1.607093701471085e-17
Qwen3.5 Base · p1,InternVL3 1B · p1,"Posición (x,y)",10000,0.4303,0.1337,-0.2966,0.0,0.0
Qwen3.5 Base · p1,InternVL3 1B · p1,Color ±1,10000,0.9777,0.9583,-0.019399999999999973,4.310192556099845e-18,2.1550962780499225e-17
Qwen3.5 Instruct · p3,InternVL3 1B · p1,Forma,10000,0.4351,0.2084,-0.22669999999999998,0.0,0.0
Qwen3.5 Instruct · p3,InternVL3 1B · p1,"Posición (x,y)",10000,0.3833,0.1337,-0.24959999999999996,0.0,0.0
Qwen3.5 Instruct · p3,InternVL3 1B · p1,Color ±1,10000,0.99,0.9583,-0.03169999999999995,3.124103896897786e-62,3.4365142865875646e-61
