run,eje,model,prompt,n,mencion,exactitud,ic_lo,ic_hi,exactitud_cond,kappa,err_adyacente,err_opuesto,opuesto_entre_errores,sesgo_centro,exceso_conjunto
InternVL3 1B · p0,x,internvl3_1b,p0_minimal,10000,0.5036,0.194,0.18636783716633087,0.2018671698365232,0.3852263701350278,0.033223664592807484,0.2458,0.0638,0.20607235142118863,0.7910168434185901,0.021400399999999993
InternVL3 1B · p0,y,internvl3_1b,p0_minimal,10000,0.5677,0.2134,0.20548071726496467,0.22153939060110714,0.3759027655451823,0.02817939986186213,0.3089,0.0454,0.12813999435506632,1.1238207547169812,0.021400399999999993
InternVL3 1B · p1,x,internvl3_1b,p1_attributes,10000,0.94,0.4222,0.4125512282416209,0.43190852190485635,0.4491489361702128,0.15810367179576487,0.3778,0.14,0.2703746620316725,0.8727386150966937,0.0003270200000000112
InternVL3 1B · p1,y,internvl3_1b,p1_attributes,10000,0.9104,0.3159,0.3068608199786676,0.32508056822141546,0.3469903339191564,0.016223426258396005,0.4611,0.1334,0.22439024390243903,1.4383844339622642,0.0003270200000000112
InternVL3 1B · p2,x,internvl3_1b,p2_constrained,10000,0.0332,0.0183,0.015851953288404896,0.021117990741904933,0.5512048192771084,0.0076045673885274424,0.0147,0.0002,0.013422818791946308,0.08452900810979413,-0.00059691
InternVL3 1B · p2,y,internvl3_1b,p2_constrained,10000,0.9958,0.3277,0.31856811425603293,0.3369642115825021,0.329082145009038,0.0016616253028928667,0.3456,0.3225,0.48271216883700047,0.06279481132075472,-0.00059691
InternVL3 1B · p3,x,internvl3_1b,p3_json,10000,0.0695,0.036,0.032523311925956866,0.03983303856203099,0.5179856115107914,0.012889199280396222,0.0173,0.0162,0.4835820895522388,0.026824703680598878,0.007640000000000001
InternVL3 1B · p3,y,internvl3_1b,p3_json,10000,0.9579,0.31,0.3010097056057109,0.31913621377514617,0.32362459546925565,-0.005811300733103775,0.3285,0.3194,0.4929773113134743,0.02122641509433962,0.007640000000000001
InternVL3 1B · p4,x,internvl3_1b,p4_dataset_format,10000,0.9633,0.3264,0.31727800100848585,0.335655323225813,0.3388352538150109,0.0033284774695788275,0.3031,0.3338,0.5241011147746899,0.0,0.0015430399999999816
InternVL3 1B · p4,y,internvl3_1b,p4_dataset_format,10000,0.9633,0.3139,0.30487719998877627,0.3230657242047895,0.3258590262638846,-0.002591467328487083,0.3257,0.3237,0.49846011703110565,0.0,0.0015430399999999816
InternVL3 1B · p4m,x,internvl3_1b,p4m_multiexample,10000,0.0625,0.0367,0.033189114320119714,0.04056669857014922,0.5872,0.015938587212664904,0.0233,0.0025,0.09689922480620156,0.04585152838427947,0.0159458
InternVL3 1B · p4m,y,internvl3_1b,p4m_multiexample,10000,0.0612,0.026,0.02305831481278748,0.02930571564261393,0.42483660130718953,0.00566906451171128,0.026,0.0092,0.26136363636363635,0.036851415094339625,0.0159458
LLaVA-OV 0.5B · p0,x,llava_ov_05b,p0_minimal,10000,0.8275,0.2924,0.28356588173732356,0.3013935543861813,0.35335347432024167,0.019451852522343757,0.3215,0.2136,0.3991777237899458,0.6072988147223956,0.0155386
LLaVA-OV 0.5B · p0,y,llava_ov_05b,p0_minimal,10000,0.8314,0.2485,0.2401278000841589,0.2570653510962914,0.29889343276401253,-0.04158949745143219,0.3879,0.195,0.33453422542460115,0.8192806603773585,0.0155386
LLaVA-OV 0.5B · p1,x,llava_ov_05b,p1_attributes,10000,0.982,0.4002,0.39063746775296854,0.40983917832181843,0.4075356415478615,0.11239857548110421,0.3936,0.1882,0.32347885871433485,1.3287585776668747,-0.0014824600000000049
LLaVA-OV 0.5B · p1,y,llava_ov_05b,p1_attributes,10000,0.9509,0.3123,0.30329044504749597,0.321453707940856,0.328425701966558,-0.011282498111583918,0.4755,0.1631,0.25540244284372066,1.6603773584905661,-0.0014824600000000049
LLaVA-OV 0.5B · p2,x,llava_ov_05b,p2_constrained,10000,0.0014,0.0003,0.00010203219941781012,0.0008817357722363795,0.21428571428571427,-0.00018014648111972634,0.0001,0.001,0.9090909090909091,0.0,9.484e-05
LLaVA-OV 0.5B · p2,y,llava_ov_05b,p2_constrained,10000,0.0685,0.0172,0.014830880567997445,0.01993990825872787,0.2510948905109489,-0.005571807081601323,0.022,0.0293,0.571150097465887,0.0,9.484e-05
LLaVA-OV 0.5B · p3,x,llava_ov_05b,p3_json,10000,1.0,0.3323,0.3231337713017984,0.34159502175172646,0.3323,-0.006258439207108178,0.3393,0.3284,0.4918376516399581,0.09388646288209607,0.0033108700000000074
LLaVA-OV 0.5B · p3,y,llava_ov_05b,p3_json,10000,1.0,0.3331,0.32392790011081196,0.34240027854531985,0.3331,0.0,0.3392,0.3277,0.4913780176938072,0.0,0.0033108700000000074
LLaVA-OV 0.5B · p4,x,llava_ov_05b,p4_dataset_format,10000,0.439,0.1724,0.1651228230051286,0.1799287727273387,0.3927107061503417,0.029073181133554463,0.0543,0.2123,0.7963240810202551,0.020586400499064253,0.0256192
LLaVA-OV 0.5B · p4,y,llava_ov_05b,p4_dataset_format,10000,0.4418,0.142,0.1352961466999413,0.14897879613346313,0.32141240380262565,-0.003382545232087556,0.1502,0.1496,0.4989993328885924,0.027712264150943397,0.0256192
LLaVA-OV 0.5B · p4m,x,llava_ov_05b,p4m_multiexample,10000,0.1362,0.0338,0.03043324819141217,0.03752479188940666,0.24816446402349487,-0.011561206525128853,0.082,0.0204,0.19921875,0.25795383655645665,0.00836886
LLaVA-OV 0.5B · p4m,y,llava_ov_05b,p4m_multiexample,10000,0.1363,0.0453,0.04139568097178173,0.04955352714651155,0.33235509904622157,-0.0006198665564877345,0.0703,0.0207,0.22747252747252747,0.24380896226415094,0.00836886
Qwen3.5 Base · p0,x,qwen35_08b_base,p0_minimal,10000,0.6929,0.3765,0.3670529515892933,0.3860418960082638,0.5433684514359937,0.18480938640412936,0.2088,0.1076,0.34007585335018964,0.16469120399251402,0.0602413
Qwen3.5 Base · p0,y,qwen35_08b_base,p0_minimal,10000,0.8041,0.3558,0.3464735851602084,0.36523715996989464,0.4424822783235916,0.11871280522059104,0.3363,0.112,0.24983270131608298,0.9201061320754716,0.0602413
Qwen3.5 Base · p1,x,qwen35_08b_base,p1_attributes,10000,0.9524,0.6491,0.6396904051792891,0.6583950865065751,0.6815413691726165,0.4839976783571804,0.2649,0.0384,0.12660731948565776,0.7018091079226451,0.05628857999999998
Qwen3.5 Base · p1,y,qwen35_08b_base,p1_attributes,10000,0.9732,0.5762,0.5664872076669094,0.5858542709813996,0.5920674064940403,0.3724330356580943,0.3486,0.0484,0.12191435768261964,1.110259433962264,0.05628857999999998
Qwen3.5 Base · p2,x,qwen35_08b_base,p2_constrained,10000,0.0864,0.0522,0.04800985071545024,0.05673405822532771,0.6041666666666666,0.02374838656601559,0.0113,0.0229,0.6695906432748538,0.0015595757953836558,-0.013060680000000002
Qwen3.5 Base · p2,y,qwen35_08b_base,p2_constrained,10000,0.8826,0.3594,0.35005125176251944,0.3688567285793147,0.40720598232494903,0.09333307970437278,0.3,0.2232,0.42660550458715596,0.015330188679245283,-0.013060680000000002
Qwen3.5 Base · p3,x,qwen35_08b_base,p3_json,10000,1.0,0.4961,0.486303857352408,0.5058991378348832,0.4961,0.23684953860898433,0.3211,0.1828,0.36277039095058544,0.3072364316905802,0.004735500000000004
Qwen3.5 Base · p3,y,qwen35_08b_base,p3_json,10000,1.0,0.445,0.4352826167580302,0.45475962306274414,0.445,0.16831010338534796,0.3547,0.2003,0.3609009009009009,0.10819575471698115,0.004735500000000004
Qwen3.5 Base · p4,x,qwen35_08b_base,p4_dataset_format,10000,1.0,0.3365,0.3273032808300025,0.3458222866372087,0.3365,0.0,0.3206,0.3429,0.5168048229088169,0.0,-0.0034710500000000033
Qwen3.5 Base · p4,y,qwen35_08b_base,p4_dataset_format,10000,1.0,0.3277,0.31856811425603293,0.3369642115825021,0.3277,0.0,0.3392,0.3331,0.49546333482076454,0.0,-0.0034710500000000033
Qwen3.5 Base · p4m,x,qwen35_08b_base,p4m_multiexample,10000,0.9628,0.609,0.5993957668614154,0.618520521493777,0.6325301204819277,0.4252977549234748,0.3421,0.0117,0.03306953080836631,1.3540237055520898,0.05810360000000003
Qwen3.5 Base · p4m,y,qwen35_08b_base,p4m_multiexample,10000,0.9999,0.4596,0.4498495990066869,0.46938142806166366,0.4596459645964596,0.19395113727021082,0.364,0.1763,0.3263002035905978,0.30277122641509435,0.05810360000000003
Qwen3.5 Instruct · p0,x,qwen35_08b_instruct,p0_minimal,10000,0.8646,0.5589,0.5491476377288572,0.5686071272630769,0.6464260929909785,0.377651989454425,0.2436,0.0621,0.20314033366045142,0.4975046787273862,0.048670099999999994
Qwen3.5 Instruct · p0,y,qwen35_08b_instruct,p0_minimal,10000,0.8756,0.391,0.3814794785062229,0.4006042331385845,0.4465509365006852,0.13767736925160548,0.398,0.0866,0.17870408584399505,1.3758844339622642,0.048670099999999994
Qwen3.5 Instruct · p1,x,qwen35_08b_instruct,p1_attributes,10000,0.902,0.595,0.58534399115629,0.6045830491532814,0.6596452328159645,0.41766119709619126,0.2506,0.0564,0.18371335504885994,0.39332501559575794,0.04703550000000006
Qwen3.5 Instruct · p1,y,qwen35_08b_instruct,p1_attributes,10000,0.9094,0.4391,0.42939836814584637,0.4488484028557019,0.4828458324169782,0.19352103353651257,0.3951,0.0752,0.1598979374867106,1.2732900943396226,0.04703550000000006
Qwen3.5 Instruct · p2,x,qwen35_08b_instruct,p2_constrained,10000,0.9163,0.6425,0.6330535274667152,0.6518370329976418,0.7011895667357853,0.485333072280831,0.1943,0.0795,0.2903579254930606,0.8412351840299439,-0.008269749999999992
Qwen3.5 Instruct · p2,y,qwen35_08b_instruct,p2_constrained,10000,0.6921,0.2647,0.2561447045628046,0.27343600507043575,0.3824591821991042,0.03982583827493955,0.4133,0.0141,0.03299017313991577,1.7788915094339623,-0.008269749999999992
Qwen3.5 Instruct · p3,x,qwen35_08b_instruct,p3_json,10000,0.9999,0.6214,0.6118485199883645,0.6308582452072351,0.6214621462146215,0.42569488416101986,0.3135,0.065,0.17173051519154559,0.03337492202121023,-0.003832200000000008
Qwen3.5 Instruct · p3,y,qwen35_08b_instruct,p3_json,10000,1.0,0.623,0.6134558048877433,0.6324497315130703,0.623,0.43658700006847634,0.337,0.04,0.10610079575596817,0.015919811320754717,-0.003832200000000008
Qwen3.5 Instruct · p4,x,qwen35_08b_instruct,p4_dataset_format,10000,1.0,0.3365,0.3273032808300025,0.3458222866372087,0.3365,0.0,0.3206,0.3429,0.5168048229088169,0.0,-0.0034710500000000033
Qwen3.5 Instruct · p4,y,qwen35_08b_instruct,p4_dataset_format,10000,1.0,0.3277,0.31856811425603293,0.3369642115825021,0.3277,0.0,0.3392,0.3331,0.49546333482076454,0.0,-0.0034710500000000033
Qwen3.5 Instruct · p4m,x,qwen35_08b_instruct,p4m_multiexample,10000,0.9813,0.6696,0.6603175834118176,0.678752164340849,0.6823601345154388,0.5069576130087025,0.2912,0.0205,0.0657683670195701,0.6615720524017468,0.0054631200000000435
Qwen3.5 Instruct · p4m,y,qwen35_08b_instruct,p4m_multiexample,10000,0.9983,0.5353,0.5255129460018687,0.5450599437131615,0.5362115596514074,0.3056680007991318,0.3798,0.0832,0.1796976241900648,0.6662735849056604,0.0054631200000000435
VL-JEPA · p0,x,vljepa_open_msrvtt,p0_minimal,10000,1.0,0.4271,0.41743471480354916,0.4368212721588954,0.4271,0.13629307359509676,0.368,0.2049,0.35765404084482455,0.4335620711166563,0.004119830000000019
VL-JEPA · p0,y,vljepa_open_msrvtt,p0_minimal,10000,1.0,0.3727,0.36327369554009986,0.3822240704450743,0.3727,0.0588158475006204,0.4631,0.1642,0.26175673521441095,1.137676886792453,0.004119830000000019
VL-JEPA · p1,x,vljepa_open_msrvtt,p1_attributes,10000,1.0,0.4215,0.4118536668601648,0.4312066208840313,0.4215,0.12862864600565105,0.3755,0.203,0.3509075194468453,0.5524017467248908,0.0062806500000000265
VL-JEPA · p1,y,vljepa_open_msrvtt,p1_attributes,10000,1.0,0.3609,0.3515421159510894,0.37036471239563273,0.3609,0.0417772092579105,0.4519,0.1872,0.2929119073697387,1.038620283018868,0.0062806500000000265
VL-JEPA · p2,x,vljepa_open_msrvtt,p2_constrained,10000,1.0,0.4243,0.41464403182417825,0.43401410552914216,0.4243,0.13377733927815558,0.3854,0.1903,0.33055410804238317,0.6799750467872738,0.007452000000000014
VL-JEPA · p2,y,vljepa_open_msrvtt,p2_constrained,10000,1.0,0.36,0.35064758548491903,0.36945993405887034,0.36,0.0405470369041739,0.4453,0.1947,0.30421875,1.0079599056603774,0.007452000000000014
VL-JEPA · p3,x,vljepa_open_msrvtt,p3_json,10000,1.0,0.4267,0.41703602636725556,0.43642026779388554,0.4267,0.13736905083887593,0.3859,0.1874,0.3268794697366126,0.6777916406737368,0.007522559999999984
VL-JEPA · p3,y,vljepa_open_msrvtt,p3_json,10000,1.0,0.3632,0.35382830079612004,0.372676761158097,0.3632,0.04523954307155619,0.4462,0.1906,0.29930904522613067,1.034198113207547,0.007522559999999984
VL-JEPA · p4,x,vljepa_open_msrvtt,p4_dataset_format,10000,1.0,0.426,0.41633833718761704,0.435718494571243,0.426,0.13596908322767265,0.3786,0.1954,0.34041811846689896,0.6213349968808484,0.008010400000000029
VL-JEPA · p4,y,vljepa_open_msrvtt,p4_dataset_format,10000,1.0,0.3596,0.35025002789776805,0.3690577988447178,0.3596,0.03983173485957903,0.4515,0.1889,0.2949718925671455,1.041568396226415,0.008010400000000029
VL-JEPA · p4m,x,vljepa_open_msrvtt,p4m_multiexample,10000,1.0,0.4249,0.4152420085761923,0.43461566797908324,0.4249,0.13462482540329818,0.3853,0.1898,0.3300295600765084,0.6771678103555833,0.008925719999999998
VL-JEPA · p4m,y,vljepa_open_msrvtt,p4m_multiexample,10000,1.0,0.3572,0.34786483144189695,0.3666448384927682,0.3572,0.0364398135993719,0.447,0.1958,0.3046048537647791,0.9923349056603774,0.008925719999999998
