run,acc_x,acc_y,Δ (y−x),solo_y,solo_x,p,p_holm
VL-JEPA · p0,0.4271,0.3727,-0.054400000000000004,2094,2638,2.740098982829007e-15,3.562128677677709e-14
VL-JEPA · p1,0.4215,0.3609,-0.06059999999999999,2025,2631,6.757084114955167e-19,9.459917760937235e-18
VL-JEPA · p2,0.4243,0.36,-0.06430000000000002,1998,2641,3.696671782752912e-21,5.914674852404659e-20
VL-JEPA · p3,0.4267,0.3632,-0.0635,2007,2642,1.2454434052822123e-20,1.8681651079233185e-19
VL-JEPA · p4,0.426,0.3596,-0.06640000000000001,1984,2648,1.7022261037955125e-22,2.8937843764523713e-21
VL-JEPA · p4m,0.4249,0.3572,-0.06769999999999998,1965,2642,1.9155366865937828e-23,3.447966035868809e-22
LLaVA-OV 0.5B · p0,0.2924,0.2485,-0.043899999999999995,1603,2042,3.774599811840979e-13,4.152059793025077e-12
LLaVA-OV 0.5B · p1,0.4002,0.3123,-0.08789999999999998,1888,2767,4.1039765003307004e-38,8.207953000661401e-37
LLaVA-OV 0.5B · p2,0.0003,0.0172,0.0169,171,2,2.5144034010193643e-48,5.280247142140666e-47
LLaVA-OV 0.5B · p3,0.3323,0.3331,0.0008000000000000229,2191,2183,0.9157091767733475,1.0
LLaVA-OV 0.5B · p4,0.1724,0.142,-0.03040000000000001,919,1223,5.4681562165323415e-11,5.468156216532341e-10
LLaVA-OV 0.5B · p4m,0.0338,0.0453,0.011500000000000003,354,239,2.6612980439668327e-06,2.129038435173466e-05
Qwen3.5 Base · p0,0.3765,0.3558,-0.020699999999999996,1616,1823,0.0004418318344956594,0.0026509910069739562
Qwen3.5 Base · p1,0.6491,0.5762,-0.07289999999999996,1459,2188,1.119268535342129e-33,2.126610217150045e-32
Qwen3.5 Base · p2,0.0522,0.3594,0.3072,3537,465,0.0,0.0
Qwen3.5 Base · p3,0.4961,0.445,-0.05109999999999998,2195,2706,3.066453284967614e-13,3.679743941961137e-12
Qwen3.5 Base · p4,0.3365,0.3277,-0.00880000000000003,2209,2297,0.19495069202406465,0.7798027680962586
Qwen3.5 Base · p4m,0.609,0.4596,-0.14939999999999998,1216,2710,1.1944512409499494e-128,2.8666829782798783e-127
Qwen3.5 Instruct · p0,0.5589,0.391,-0.16789999999999994,1238,2917,1.1146483862911876e-153,2.8980858043570877e-152
Qwen3.5 Instruct · p1,0.595,0.4391,-0.15589999999999998,1308,2867,1.451382117170885e-131,3.628455292927213e-130
Qwen3.5 Instruct · p2,0.6425,0.2647,-0.37779999999999997,1029,4807,0.0,0.0
Qwen3.5 Instruct · p3,0.6214,0.623,0.0016000000000000458,2397,2381,0.8282078650805591,1.0
Qwen3.5 Instruct · p4,0.3365,0.3277,-0.00880000000000003,2209,2297,0.19495069202406465,0.7798027680962586
Qwen3.5 Instruct · p4m,0.6696,0.5353,-0.13429999999999997,1714,3057,3.362679959407066e-85,7.7341639066362515e-84
InternVL3 1B · p0,0.194,0.2134,0.0194,1506,1312,0.00027582594465705836,0.0019307816125994086
InternVL3 1B · p1,0.4222,0.3159,-0.1063,1822,2885,1.6947308301276897e-54,3.728407826280917e-53
InternVL3 1B · p2,0.0183,0.3277,0.3094,3223,129,0.0,0.0
InternVL3 1B · p3,0.036,0.31,0.274,2912,172,0.0,0.0
InternVL3 1B · p4,0.3264,0.3139,-0.012500000000000011,2099,2224,0.0592898121808179,0.2964490609040895
InternVL3 1B · p4m,0.0367,0.026,-0.010700000000000005,91,198,2.845840570160879e-10,2.5612565131447912e-09
