prompt,atributo,n_pareado,Base,Instruct,Δ (I−B),b (solo I),c (solo B),p,p_holm,sig
p0,Forma,10000,0.1544,0.1355,-0.0189,279,468,4.680656906039526e-12,5.1487225966434784e-11,✓
p0,"Posición (x,y)",10000,0.1942,0.2672,0.07299999999999998,1687,957,3.3990898908252686e-46,5.098634836237903e-45,✓
p0,Color ±1,10000,0.9762,0.9722,-0.0040000000000000036,158,198,0.038585059400399295,0.27009541580279506,
p0,Nombre exacto,10000,0.0513,0.0449,-0.006399999999999996,36,100,3.720215400245005e-08,2.976172320196004e-07,✓
p1,Forma,10000,0.1729,0.1503,-0.02260000000000001,231,457,4.863361952170403e-18,5.836034342604484e-17,✓
p1,"Posición (x,y)",10000,0.4303,0.3083,-0.122,1154,2374,1.6426671232372585e-95,3.121067534150791e-94,✓
p1,Color ±1,10000,0.9777,0.9809,0.0031999999999999806,157,125,0.06469782242628301,0.38818693455769804,
p1,Nombre exacto,10000,0.0566,0.0454,-0.011199999999999995,28,140,4.094744789552416e-19,5.732642705373382e-18,✓
p2,Forma,10000,0.3735,0.4037,0.030200000000000005,1211,909,5.827136448665271e-11,5.827136448665271e-10,✓
p2,"Posición (x,y)",10000,0.0057,0.1618,0.1561,1612,51,0.0,0.0,✓
p2,Color ±1,10000,0.0561,0.0032,-0.052899999999999996,14,543,1.1712632669715556e-140,2.459652860640267e-139,✓
p2,Nombre exacto,10000,0.0068,0.0003,-0.0065,1,66,9.215718466126481e-19,1.1980434005964426e-17,✓
p3,Forma,10000,0.3382,0.4351,0.09689999999999999,1488,519,6.845565633354745e-108,1.369113126670949e-106,✓
p3,"Posición (x,y)",10000,0.2255,0.3833,0.15779999999999997,1928,350,2.533823047957124e-263,5.574410705505673e-262,✓
p3,Color ±1,10000,0.3549,0.99,0.6351,6356,5,0.0,0.0,✓
p3,Nombre exacto,10000,0.0211,0.0547,0.0336,359,23,1.041501908089832e-78,1.7705532437527146e-77,✓
p4,Forma,10000,0.1421,0.1421,0.0,0,0,1.0,1.0,
p4,"Posición (x,y)",10000,0.1068,0.1068,0.0,0,0,1.0,1.0,
p4,Color ±1,10000,0.3397,0.3397,0.0,0,0,1.0,1.0,
p4,Nombre exacto,10000,0.0422,0.0422,0.0,0,0,1.0,1.0,
p4m,Forma,10000,0.1588,0.204,0.04519999999999999,658,206,9.43745988541708e-56,1.5099935816667328e-54,✓
p4m,"Posición (x,y)",10000,0.338,0.3639,0.02589999999999998,1071,812,2.605739591663536e-09,2.3451656324971823e-08,✓
p4m,Color ±1,10000,0.9689,0.9118,-0.05709999999999993,160,731,7.762324473400985e-88,1.3972184052121775e-86,✓
p4m,Nombre exacto,10000,0.0506,0.0489,-0.0017000000000000001,42,59,0.11091834966063963,0.5545917483031981,
