run,palabras_p50,palabras_p95,vacias,truncadas,unicas,nombre_con_prefijo,color_entre_comillas,think,varias_formas,json_valido
VL-JEPA · p0,12.0,19.0,0.0,0.0,0.0471,0.7579,1.0,0.0,0.0,
VL-JEPA · p1,12.0,19.0,0.0,0.0,0.053,0.7216,1.0,0.0,0.0,
VL-JEPA · p2,12.0,19.0,0.0,0.0,0.0524,0.7158,1.0,0.0,0.0,
VL-JEPA · p3,12.0,19.0,0.0,0.0,0.0519,0.7045,1.0,0.0,0.0,
VL-JEPA · p4,12.0,19.0,0.0,0.0,0.0517,0.7131,1.0,0.0,0.0,
VL-JEPA · p4m,12.0,19.0,0.0,0.0,0.0515,0.7264,1.0,0.0,0.0,
LLaVA-OV 0.5B · p0,94.0,113.0,0.0,0.1956,0.9995,0.0,0.0,0.0,0.0436,
LLaVA-OV 0.5B · p1,28.0,39.0,0.0,0.00039999999999995595,0.6264,0.0,0.0,0.0,0.0648,
LLaVA-OV 0.5B · p2,1.0,9.0,0.0,0.9062,0.0022,0.0,0.0,0.0,0.0,
LLaVA-OV 0.5B · p3,8.0,8.0,0.0,0.0,0.0113,0.0,0.0,0.0,0.0,1.0
LLaVA-OV 0.5B · p4,8.0,18.0,0.0,0.0,0.0791,0.0013,0.0003,0.0,0.0011,
LLaVA-OV 0.5B · p4m,6.0,10.0,0.0,0.08040000000000003,0.0603,0.0161,0.1195,0.0,0.0156,
Qwen3.5 Base · p0,89.0,104.0,0.0,0.5085999999999999,1.0,0.0,0.0,0.0,0.025,
Qwen3.5 Base · p1,82.0,97.0,0.0,0.29469999999999996,0.9999,0.0,0.0001,0.0,0.0589,
Qwen3.5 Base · p2,9.0,11.0,0.0,0.0,0.018,0.0,0.0,0.0,0.0,
Qwen3.5 Base · p3,10.0,10.0,0.0,0.0,0.0367,0.0,0.0,0.0,0.0,1.0
Qwen3.5 Base · p4,11.0,11.0,0.0,0.0,0.0002,1.0,1.0,0.0,0.0,
Qwen3.5 Base · p4m,10.0,30.0,0.0,0.00039999999999995595,0.1961,0.0269,0.9991,0.0018,0.0233,
Qwen3.5 Instruct · p0,97.0,107.0,0.0,0.6866,1.0,0.0,0.0,0.0,0.0277,
Qwen3.5 Instruct · p1,90.0,107.0,0.0,0.2522,1.0,0.0,0.0,0.0,0.0453,
Qwen3.5 Instruct · p2,9.0,9.0,0.0,0.010299999999999976,0.0193,0.0,0.0,0.0,0.0001,
Qwen3.5 Instruct · p3,9.0,25.0,0.0,0.18679999999999997,0.0744,0.0,0.0,0.0,0.0,1.0
Qwen3.5 Instruct · p4,23.0,23.0,0.0,0.0,0.0005,1.0,1.0,0.0,0.0,
Qwen3.5 Instruct · p4m,10.0,10.0,0.0,9.999999999998899e-05,0.1411,0.0097,0.9752,0.0,0.0072,
InternVL3 1B · p0,56.0,74.0,0.0,0.00029999999999996696,0.9938,0.0,0.0,0.0,0.0071,
InternVL3 1B · p1,53.0,76.0,0.0,0.00019999999999997797,0.9962,0.0,0.0,0.0,0.0311,
InternVL3 1B · p2,10.0,11.0,0.0,0.0,0.0809,0.0,0.0,0.0,0.0,
InternVL3 1B · p3,7.0,9.0,0.0,0.0,0.0615,0.0,0.0,0.0,0.0,1.0
InternVL3 1B · p4,10.0,10.0,0.0,0.042200000000000015,0.002,1.0,1.0,0.0,0.0,
InternVL3 1B · p4m,2.0,10.0,0.0,0.7734,0.0254,0.1007,0.9806,0.0,0.0008,
